id;name;birth_date;sex;address;map_location_lat;map_location_lng;comment
1;Alaska;2020-10-21T13:18:15;MALE;Togo killer;synergy Tools;visualize;Fantastic
2;out-of-the-box;2020-10-21T23:18:52;FEMALE;Buckinghamshire Accounts;hack;Security;programming Personal Loan Account
3;Supervisor connect;2020-10-21T16:58:12;FEMALE;model;Designer Dale New Jersey;Tactics;override monetize
4;Mobility Savings Account;2020-10-21T11:22:22;FEMALE;Kids French Guiana;Cotton cyan;Generic Soft Computer;Communications
5;Equatorial Guinea Secured;2020-10-21T15:17:16;FEMALE;auxiliary withdrawal payment;Fish Analyst;Ergonomic Frozen Keyboard Associate Generic Metal Car;Communications
6;Compatible zero administration synergies;2020-10-21T21:58:45;FEMALE;fuchsia;Avon;backing up;Manager
7;Soft;2020-10-22T06:30:00;MALE;full-range Cote d'Ivoire Small Wooden Salad;experiences;Towels Ergonomic Frozen Keyboard;customized
8;static Ball Ergonomic Frozen Towels;2020-10-21T13:42:12;MALE;harness Personal Loan Account bricks-and-clicks;Lao People's Democratic Republic port Associate;Borders connecting Wooden;grey
9;networks Wisconsin;2020-10-21T13:35:09;FEMALE;synergies Buckinghamshire orange;International Cayman Islands Dollar Ergonomic;Soft;Investment Account full-range navigate
10;Cross-group;2020-10-21T23:46:59;MALE;Ways extend;Gorgeous Cotton Fish quantifying Director;Rupiah;payment Jamaica Avon
